"sample","refpos","refvar","qvar","qpos","qlength","protein","variant","varclass","annotation","varname"
"MZ437368.1","210","G","T","208","29855","5'UTR","210","extragenic",NA,"5'UTR:210"
"MZ437368.1","241","C","T","239","29855","5'UTR","241","extragenic",NA,"5'UTR:241"
"MZ437368.1","1191","C","T","1189","29855","NSP2","P129L","SNP","Non-Structural protein 2","NSP2:P129L"
"MZ437368.1","1267","C","T","1265","29855","NSP2","G154G","SNP_silent","Non-Structural protein 2","NSP2:G154G"
"MZ437368.1","3037","C","T","3035","29855","NSP3","F106F","SNP_silent","Predicted phosphoesterase, papain-like proteinase","NSP3:F106F"
"MZ437368.1","5184","C","T","5182","29855","NSP3","P822L","SNP","Predicted phosphoesterase, papain-like proteinase","NSP3:P822L"
"MZ437368.1","6539","C","T","6537","29855","NSP3","H1274Y","SNP","Predicted phosphoesterase, papain-like proteinase","NSP3:H1274Y"
"MZ437368.1","7113","C","T","7111","29855","NSP3","T1465I","SNP","Predicted phosphoesterase, papain-like proteinase","NSP3:T1465I"
"MZ437368.1","9891","C","T","9889","29855","NSP4","A446V","SNP","Transmembrane protein","NSP4:A446V"
"MZ437368.1","11418","T","C","11416","29855","NSP6","V149A","SNP","Transmembrane protein","NSP6:V149A"
"MZ437368.1","12946","T","C","12944","29855","NSP9","Y87Y","SNP_silent","ssRNA-binding protein","NSP9:Y87Y"
"MZ437368.1","14262","C","T","14260","29855","NSP12b","D265D","SNP_silent","RNA-dependent RNA polymerase, post-ribosomal frameshift","NSP12b:D265D"
"MZ437368.1","14408","C","T","14406","29855","NSP12b","P314L","SNP","RNA-dependent RNA polymerase, post-ribosomal frameshift","NSP12b:P314L"
"MZ437368.1","15451","G","A","15449","29855","NSP12b","G662S","SNP","RNA-dependent RNA polymerase, post-ribosomal frameshift","NSP12b:G662S"
"MZ437368.1","16466","C","T","16464","29855","NSP13","P77L","SNP","Helicase","NSP13:P77L"
"MZ437368.1","20262","A","G","20260","29855","NSP15","L214L","SNP_silent","endoRNAse","NSP15:L214L"
"MZ437368.1","20320","C","T","20318","29855","NSP15","H234Y","SNP","endoRNAse","NSP15:H234Y"
"MZ437368.1","21618","C","G","21616","29855","S","T19R","SNP","Spike","S:T19R"
"MZ437368.1","21987","G","A","21985","29855","S","G142D","SNP","Spike","S:G142D"
"MZ437368.1","22029","AGTTCA",".","22026","29855","S","E156","deletion","Spike","S:E156"
"MZ437368.1","22917","T","G","22909","29855","S","L452R","SNP","Spike","S:L452R"
"MZ437368.1","22995","C","A","22987","29855","S","T478K","SNP","Spike","S:T478K"
"MZ437368.1","23403","A","G","23395","29855","S","D614G","SNP","Spike","S:D614G"
"MZ437368.1","23604","C","G","23596","29855","S","P681R","SNP","Spike","S:P681R"
"MZ437368.1","24410","G","A","24402","29855","S","D950N","SNP","Spike","S:D950N"
"MZ437368.1","24745","C","T","24737","29855","S","V1061V","SNP_silent","Spike","S:V1061V"
"MZ437368.1","25302","G","T","25294","29855","S","C1247F","SNP","Spike","S:C1247F"
"MZ437368.1","25469","C","T","25461","29855","ORF3a","S26L","SNP","ORF3a protein","ORF3a:S26L"
"MZ437368.1","26767","T","C","26759","29855","M","I82T","SNP","Membrane","M:I82T"
"MZ437368.1","27638","T","C","27630","29855","ORF7a","V82A","SNP","ORF7a protein","ORF7a:V82A"
"MZ437368.1","27739","C","T","27731","29855","ORF7a","L116F","SNP","ORF7a protein","ORF7a:L116F"
"MZ437368.1","27752","C","T","27744","29855","ORF7a","T120I","SNP","ORF7a protein","ORF7a:T120I"
"MZ437368.1","28248","GATTTC",".","28239","29855","ORF8","D119","deletion","ORF8 protein","ORF8:D119"
"MZ437368.1","28273","A",".","28258","29855","3'UTR","28273","extragenic",NA,"3'UTR:28273"
"MZ437368.1","28461","A","G","28446","29855","N","D63G","SNP","Nucleocapsid protein","N:D63G"
"MZ437368.1","28881","G","T","28866","29855","N","R203M","SNP","Nucleocapsid protein","N:R203M"
"MZ437368.1","29167","C","T","29152","29855","N","Y298Y","SNP_silent","Nucleocapsid protein","N:Y298Y"
"MZ437368.1","29358","C","T","29343","29855","N","T362I","SNP","Nucleocapsid protein","N:T362I"
"MZ437368.1","29402","G","T","29387","29855","N","D377Y","SNP","Nucleocapsid protein","N:D377Y"
"MZ437368.1","29427","G","A","29412","29855","N","R385K","SNP","Nucleocapsid protein","N:R385K"
"MZ437368.1","29742","G","T","29727","29855","3'UTR","29742","extragenic",NA,"3'UTR:29742"
